{
  "places": [
    {
      "name": "Valley of Flowers",
      "description": "A UNESCO World Heritage Site, renowned for its meadows of endemic alpine flowers.",
      "image": "travel_card_photo/valley_of_flowers.jpg",
      "images": [
        "travel_card_photo/valley_of_flowers.jpg",
        "travel_card_photo/Valley of Flowers2.jpg",
        "travel_card_photo/Valley of Flowers3.jpg"
      ],
      "attractions": [
        "Nanda Devi National Park",
        "Hemkund Sahib",
        "Ghangaria Village"
      ],
      "hotels": [
        "Valley of Flowers Hotel",
        "Nanda Devi Inn",
        "Hemkund Retreat"
      ],
      "restaurants": [
        "Flower Valley Cafe",
        "Mountain View Restaurant",
        "Hemkund Dine"
      ]
    },
    {
      "name": "Kerala Backwaters",
      "description": "A network of interconnected canals, rivers, lakes, and inlets, a perfect place for houseboat tours.",
      "image": "travel_card_photo/kerala_backwater.jpg",
      "images": [
        "travel_card_photo/kerala_backwater.jpg"
      ],
      "attractions": [
        "Alleppey Beach",
        "Kumarakom Bird Sanctuary",
        "Vembanad Lake"
      ],
      "hotels": [
        "Houseboat Stays",
        "Backwater Resort",
        "Kumarakom Lake Resort"
      ],
      "restaurants": [
        "Backwater Breeze",
        "Lake View Restaurant",
        "Alleppey Bistro"
      ]
    },
    {
      "name": "Sundarbans",
      "description": "The largest mangrove forest in the world, home to the Royal Bengal Tiger.",
      "image": "travel_card_photo/sundarban.jpg",
      "images": [
        "travel_card_photo/sundarban.jpg"
      ],
      "attractions": [
        "Sundarban National Park",
        "Sudhanyakhali Watch Tower",
        "Sajnekhali Bird Sanctuary"
      ],
      "hotels": [
        "Sundarban Tiger Camp",
        "Mangrove Retreat",
        "Sajnekhali Lodge"
      ],
      "restaurants": [
        "Mangrove Cafe",
        "Tiger's Den",
        "Forest Treat"
      ]
    },
    {
      "name": "Himalayas",
      "description": "A majestic mountain range, offering breathtaking landscapes and trekking opportunities.",
      "image": "travel_card_photo/himalayas.jpg",
      "images": [
        "travel_card_photo/himalayas.jpg"
      ],
      "attractions": [
        "Mount Everest",
        "Manali",
        "Leh-Ladakh"
      ],
      "hotels": [
        "Himalayan Retreat",
        "Everest View Hotel",
        "Manali Heights"
      ],
      "restaurants": [
        "Mountain Feast",
        "Himalayan Flavors",
        "Everest Diner"
      ]
    },
    {
      "name": "Rann of Kutch",
      "description": "A vast salt desert, famous for its white sand and cultural festival during the winter months.",
      "image": "travel_card_photo/rann_of_kutch.jpg",
      "images": [
        "travel_card_photo/rann_of_kutch.jpg"
      ],
      "attractions": [
        "Great Rann of Kutch",
        "Kutch Desert Wildlife Sanctuary",
        "Kala Dungar"
      ],
      "hotels": [
        "Rann Resort",
        "Desert Inn",
        "White Sand Hotel"
      ],
      "restaurants": [
        "Rann Cafe",
        "Desert Delight",
        "Kutch Cuisine"
      ]
    }
  ]
}
